chr3;185326462;1;Activated_dN
chr8;145724826;6;Activated_dN
chr11;65910773;1;Activated_dN
chr9;128617029;7;Activated_dN
chr12;51621359;1;Activated_dN
chrX;98159866;1;Activated_dN
chr21;15915479;3;Activated_dN
chr1;226478509;1;Activated_dN
chr11;229168;4;Activated_dN
chr1;39706372;4;Activated_dN
chr1;154336059;1;Activated_dN
chr22;30508883;4;Activated_dN
chr1;112173428;5;Activated_dN
chr15;67518495;3;Activated_dN
chr1;205169183;4;Activated_dN
chr4;143684575;2;Activated_dN
chr19;40507053;3;Activated_dN
chr16;84758416;5;Activated_dN
chr16;386858;1;Activated_dN
chr17;65097072;1;Activated_dN
chr17;41139354;13;Activated_dN
chr1;8458314;1;Activated_dN
chr8;146027979;3;Activated_dN
chr17;4590161;6;Activated_dN
chr11;65827454;2;Activated_dN
chr11;10890246;2;Activated_dN
chr17;47699941;1;Activated_dN
chr17;5290181;2;Activated_dN
chr19;11552141;1;Activated_dN
chr11;65205160;2;Activated_dN
chr21;47987167;4;Activated_dN
chr5;158608215;1;Activated_dN
chr12;89608246;11;Activated_dN
chr22;21964617;9;Activated_dN
chr1;115009260;4;Activated_dN
chr5;180681773;4;Activated_dN
chr12;12732624;6;Activated_dN
chr2;85782048;5;Activated_dN
chr19;36384916;2;Activated_dN
chr3;53061367;3;Activated_dN
chr6;34642719;3;Activated_dN
chr8;56698590;2;Activated_dN
chr6;26543146;4;Activated_dN
chr3;148714034;2;Activated_dN
chr19;48962526;4;Activated_dN
chr17;78589348;2;Activated_dN
chr1;40739586;1;Activated_dN
chr6;14734920;2;Activated_dN
chr12;48694921;1;Activated_dN
chr3;142151311;5;Activated_dN
chr14;106595053;1;Activated_dN
chrX;47094654;5;Activated_dN
chr2;24826291;3;Activated_dN
chr19;11113350;4;Activated_dN
chrX;154265997;4;Activated_dN
chr4;103452293;1;Activated_dN
chr17;76005567;1;Activated_dN
chr5;130897466;2;Activated_dN
chr17;80800299;3;Activated_dN
chr1;1771791;1;Activated_dN
chr9;139361488;1;Activated_dN
chr16;89413323;1;Activated_dN
chr2;98170739;1;Activated_dN
chr16;1759838;6;Activated_dN
chr11;3776201;1;Activated_dN
chr10;93594667;2;Activated_dN
chr1;171464049;2;Activated_dN
chr8;28876558;1;Activated_dN
chr19;13293185;2;Activated_dN
chr12;15138286;4;Activated_dN
chr4;3212966;3;Activated_dN
chr17;37625475;2;Activated_dN
chr2;203552818;6;Activated_dN
chr16;56789007;1;Activated_dN
chr3;50045450;3;Activated_dN
chr22;29673591;2;Activated_dN
chr5;176847379;2;Activated_dN
chr11;271954;2;Activated_dN
chr1;19539425;3;Activated_dN
chr16;17435833;2;Activated_dN
chr3;97617448;2;Activated_dN
chr1;101637135;1;Activated_dN
chr5;107350503;2;Activated_dN
chr18;47845645;1;Activated_dN
chr16;1657948;1;Activated_dN
chr10;69827628;1;Activated_dN
chr6;2888199;3;Activated_dN
chr8;144539904;4;Activated_dN
chr19;50064209;2;Activated_dN
chr4;2615940;6;Activated_dN
chr4;128902996;5;Activated_dN
chr12;47664429;4;Activated_dN
chr5;179952683;2;Activated_dN
chr19;32963692;2;Activated_dN
chr7;150375182;1;Activated_dN
chr1;153815628;1;Activated_dN
chr17;80492780;1;Activated_dN
chr17;40418212;1;Activated_dN
chr17;78761750;4;Activated_dN
chr19;2862642;2;Activated_dN
chr15;86111622;1;Activated_dN
chr1;180793192;1;Activated_dN
chr7;127013123;2;Activated_dN
chr1;143757745;2;Activated_dN
chr17;4583842;2;Activated_dN
chr1;25790440;2;Activated_dN
chr9;115039189;1;Activated_dN
chr12;53849640;3;Activated_dN
chr1;109298873;8;Activated_dN
chr8;145527126;1;Activated_dN
chr22;43211618;3;Activated_dN
chr9;139794173;4;Activated_dN
chr7;72961198;4;Activated_dN
chr1;40739585;5;Activated_dN
chr16;1748134;2;Activated_dN
chr17;78907464;1;Activated_dN
chr14;71516367;1;Activated_dN
chr7;127318764;1;Activated_dN
chr17;8142872;1;Activated_dN
chr9;86531387;1;Activated_dN
chr15;90991768;1;Activated_dN
chr12;12582982;1;Activated_dN
chr6;496573;1;Activated_dN
chr14;24865191;6;Activated_dN
chr17;74181955;3;Activated_dN
chr17;65445080;2;Activated_dN
chr17;48446937;1;Activated_dN
chr20;56895182;1;Activated_dN
chr6;42563144;1;Activated_dN
chr14;24603341;4;Activated_dN
chr6;14934388;2;Activated_dN
chr6;117010193;3;Activated_dN
chr22;30579271;8;Activated_dN
chr3;136386706;1;Activated_dN
chr2;242245993;1;Activated_dN
chr2;43148271;3;Activated_dN
chr11;212154;4;Activated_dN
chr5;180682664;1;Activated_dN
chr5;139661698;5;Activated_dN
chr12;49874071;2;Activated_dN
chr19;53707368;2;Activated_dN
chr2;74251731;2;Activated_dN
chr17;17085728;3;Activated_dN
chr22;46737764;1;Activated_dN
chr2;113034152;1;Activated_dN
chr1;205169189;1;Activated_dN
chr6;75991800;1;Activated_dN
chr17;26374804;2;Activated_dN
chr16;1904099;1;Activated_dN
chr19;58422495;5;Activated_dN
chr2;113802971;1;Activated_dN
chr20;34327796;1;Activated_dN
chr17;56487975;1;Activated_dN
chr17;46295521;2;Activated_dN
chr7;50365743;3;Activated_dN
chr17;39282922;1;Activated_dN
chr14;100826596;1;Activated_dN
chrX;40835932;1;Activated_dN
chr16;1751407;2;Activated_dN
chr2;48598741;1;Activated_dN
chr12;835562;2;Activated_dN
chr17;79578053;1;Activated_dN
chr2;8076601;1;Activated_dN
chr12;428955;3;Activated_dN
chr16;66848709;1;Activated_dN
chr16;87995418;4;Activated_dN
chr11;85582517;3;Activated_dN
chr22;39411176;4;Activated_dN
chr11;119106899;1;Activated_dN
chr6;4939917;1;Activated_dN
chr17;78335564;1;Activated_dN
chr11;242417;2;Activated_dN
chr12;111995608;3;Activated_dN
chr11;102193702;1;Activated_dN
chr10;11640981;1;Activated_dN
chr2;99786682;2;Activated_dN
chr8;2197121;1;Activated_dN
chr11;66398147;1;Activated_dN
chr19;12339948;1;Activated_dN
chr16;67619994;1;Activated_dN
chrX;154279523;3;Activated_dN
chr1;156754248;1;Activated_dN
chr11;244597;2;Activated_dN
chr3;195626298;1;Activated_dN
chr16;274908;2;Activated_dN
chr17;73984434;1;Activated_dN
chr3;53848365;3;Activated_dN
chr3;52581005;1;Activated_dN
chr12;6549242;1;Activated_dN
chr1;1544228;2;Activated_dN
chr22;30590410;1;Activated_dN
chr20;60700358;2;Activated_dN
chr17;2024669;1;Activated_dN
chr1;151907328;1;Activated_dN
chr11;240626;3;Activated_dN
chr9;107723390;2;Activated_dN
chr12;126989782;1;Activated_dN
chr9;4995890;1;Activated_dN
chr1;226901443;2;Activated_dN
chr6;118784481;1;Activated_dN
chr19;4299153;2;Activated_dN
chr6;91095524;1;Activated_dN
chr21;47825371;1;Activated_dN
chr3;182930564;5;Activated_dN
chr20;34309253;1;Activated_dN
chr16;3848746;2;Activated_dN
chr9;132775962;2;Activated_dN
chr3;49809328;1;Activated_dN
chr10;3647540;1;Activated_dN
chr4;707731;1;Activated_dN
chr7;150307693;1;Activated_dN
chr20;62622628;2;Activated_dN
chr11;65873183;1;Activated_dN
chr11;121382510;1;Activated_dN
chr11;60743659;1;Activated_dN
chr1;160619216;1;Activated_dN
chr1;1049824;2;Activated_dN
chr16;3130112;1;Activated_dN
chr16;3127746;4;Activated_dN
chr14;102843906;3;Activated_dN
chrX;48785798;1;Activated_dN
chr17;8163545;1;Activated_dN
chr9;139795885;1;Activated_dN
chr9;140455971;1;Activated_dN
chr22;36706997;2;Activated_dN
chr6;138107219;1;Activated_dN
chr1;153827941;2;Activated_dN
chr10;6361252;1;Activated_dN
chr1;23621573;1;Activated_dN
chr1;52661964;1;Activated_dN
chr10;93162365;1;Activated_dN
chr11;65204237;2;Activated_dN
chr16;78741251;1;Activated_dN
chr6;26078831;2;Activated_dN
chr22;41528942;1;Activated_dN
chr11;116917134;1;Activated_dN
chr19;5655328;1;Activated_dN
chr1;160434652;2;Activated_dN
chr17;79569636;1;Activated_dN
chr19;10436486;2;Activated_dN
chr20;32430170;2;Activated_dN
chr12;6550144;1;Activated_dN
chr11;118351702;2;Activated_dN
chr15;26065806;1;Activated_dN
chr11;60647169;2;Activated_dN
chr20;34309249;1;Activated_dN
chr17;37966642;1;Activated_dN
chr2;242307549;3;Activated_dN
chr14;106557352;1;Activated_dN
chr19;33135972;1;Activated_dN
chr11;118223074;2;Activated_dN
chr17;80485359;6;Activated_dN
chr1;749469;1;Activated_dN
chr22;40458540;2;Activated_dN
chr12;53793684;1;Activated_dN
chr16;30614278;1;Activated_dN
chr3;49109467;2;Activated_dN
chr17;79814894;4;Activated_dN
chr8;144880864;2;Activated_dN
chr8;145083127;1;Activated_dN
chr16;2315506;1;Activated_dN
chr14;71447662;1;Activated_dN
chr22;30296725;1;Activated_dN
chr17;7782575;3;Activated_dN
chr19;51725878;1;Activated_dN
chr17;62112496;1;Activated_dN
chr22;42041738;1;Activated_dN
chr1;779773;1;Activated_dN
chr19;48754528;1;Activated_dN
chr10;75617909;4;Activated_dN
chr1;234541337;2;Activated_dN
chr19;40496393;2;Activated_dN
chr13;77629676;1;Activated_dN
chr15;69734774;1;Activated_dN
chr19;50064440;1;Activated_dN
chrX;51115613;1;Activated_dN
chr4;2233762;2;Activated_dN
chr1;198208142;1;Activated_dN
chr17;78761382;4;Activated_dN
chr9;132701849;1;Activated_dN
chr11;307273;1;Activated_dN
chr11;73832768;4;Activated_dN
chr16;89817250;3;Activated_dN
chr6;43162056;1;Activated_dN
chr11;118643994;1;Activated_dN
chr8;145035051;2;Activated_dN
chr22;36776645;1;Activated_dN
chr3;56847382;1;Activated_dN
chr8;66735257;3;Activated_dN
chr15;50577666;1;Activated_dN
chr19;1273434;1;Activated_dN
chr19;1414871;2;Activated_dN
chr12;120448264;1;Activated_dN
chr16;68260964;1;Activated_dN
chr1;10340522;1;Activated_dN
chr6;35863553;1;Activated_dN
chr17;4590162;3;Activated_dN
chr17;57869355;1;Activated_dN
chr17;45164563;1;Activated_dN
chr3;15134110;1;Activated_dN
chr4;26124998;1;Activated_dN
chr1;32551813;1;Activated_dN
chr17;76039207;2;Activated_dN
chrX;70328141;1;Activated_dN
chr17;7394524;1;Activated_dN
chr21;47919176;2;Activated_dN
chr22;40276355;1;Activated_dN
chr1;11151354;1;Activated_dN
chr16;67832543;1;Activated_dN
chr7;116082694;1;Activated_dN
chr4;123164033;1;Activated_dN
chr11;118645452;3;Activated_dN
chr20;62622627;1;Activated_dN
chr17;79837478;2;Activated_dN
chr22;50416537;1;Activated_dN
chr22;50971560;1;Activated_dN
chr9;134597940;3;Activated_dN
chr1;16937302;1;Activated_dN
chr12;57743728;1;Activated_dN
chr19;38466347;1;Activated_dN
chr14;106557355;1;Activated_dN
chr5;71587578;1;Activated_dN
chr1;102564163;1;Activated_dN
chr20;60825876;1;Activated_dN
chr1;749478;1;Activated_dN
chr19;12339244;3;Activated_dN
chr17;1735878;4;Activated_dN
chr12;915141;1;Activated_dN
chr8;144935770;1;Activated_dN
chr17;73365495;3;Activated_dN
chr10;76337835;1;Activated_dN
chr19;50849993;1;Activated_dN
chr12;120892135;1;Activated_dN
chr17;7394520;1;Activated_dN
chr16;4549438;2;Activated_dN
chr19;59045376;3;Activated_dN
chr17;16088704;1;Activated_dN
chr16;30153930;2;Activated_dN
chr14;23492360;1;Activated_dN
chr17;76058125;1;Activated_dN
chr2;102405231;1;Activated_dN
chr16;11410044;1;Activated_dN
chr16;68159417;1;Activated_dN
chr20;33643005;1;Activated_dN
chr12;52362888;2;Activated_dN
chr12;122720344;1;Activated_dN
chr17;1292685;1;Activated_dN
chr3;49790975;1;Activated_dN
chr20;13413647;1;Activated_dN
chr11;67200139;1;Activated_dN
chr17;47746846;2;Activated_dN
chr1;11203892;1;Activated_dN
chr1;53678936;1;Activated_dN
chr16;68174886;1;Activated_dN
chr11;64866038;1;Activated_dN
chr5;54979029;1;Activated_dN
chr12;69663225;1;Activated_dN
chr17;37062109;2;Activated_dN
chr16;29034973;1;Activated_dN
chr17;37670350;1;Activated_dN
chr10;31624155;1;Activated_dN
chr17;4237597;1;Activated_dN
chrX;134473167;1;Activated_dN
chr16;22393288;1;Activated_dN
chr19;628011;1;Activated_dN
chr16;11858162;1;Activated_dN
chr8;17795867;1;Activated_dN
chr11;65463177;1;Activated_dN
chr16;29098213;1;Activated_dN
chr19;10724962;1;Activated_dN
chr11;85742784;1;Activated_dN
chr2;96827121;1;Activated_dN
chr6;26362261;1;Activated_dN
chr20;62554644;1;Activated_dN
chr9;139711440;2;Activated_dN
chr11;220586;2;Activated_dN
chr6;138036863;1;Activated_dN
chr9;140535250;1;Activated_dN
chr19;47654964;1;Activated_dN
chr4;1886152;2;Activated_dN
chr17;79565963;1;Activated_dN
chr17;58354386;2;Activated_dN
chr9;128274260;1;Activated_dN
chr17;38005653;1;Activated_dN
chr1;45216501;1;Activated_dN
chr12;123085967;1;Activated_dN
chr7;1203070;1;Activated_dN
chr1;160632042;1;Activated_dN
chr16;1744859;2;Activated_dN
chr12;112470951;3;Activated_dN
chr1;150091116;2;Activated_dN
chr15;64853417;2;Activated_dN
chr2;28153250;1;Activated_dN
chr16;30335959;1;Activated_dN
chr14;103942515;1;Activated_dN
chr9;139705399;1;Activated_dN
chr16;11810996;1;Activated_dN
chr17;3726098;1;Activated_dN
chr8;145530052;1;Activated_dN
chr16;1854308;1;Activated_dN
chr19;35670132;3;Activated_dN
chr20;62614322;1;Activated_dN
chr3;114031310;1;Activated_dN
chr12;95945091;1;Activated_dN
chr9;130857533;2;Activated_dN
chrX;76997652;3;Activated_dN
chr22;50179997;1;Activated_dN
chr10;103570452;1;Activated_dN
chr22;30579270;1;Activated_dN
chr17;14038373;2;Activated_dN
chr1;33257862;1;Activated_dN
chr3;88116689;1;Activated_dN
chr17;58025601;1;Activated_dN
chr2;242078265;1;Activated_dN
chr17;28047331;1;Activated_dN
chr17;34930663;1;Activated_dN
chr16;93221;1;Activated_dN
chr12;122720343;1;Activated_dN
chr12;875218;1;Activated_dN
chr3;30653985;1;Activated_dN
chr1;234524925;1;Activated_dN
chr16;57299334;1;Activated_dN
chr11;65886634;1;Activated_dN
chr5;65318379;1;Activated_dN
chr1;32372877;1;Activated_dN
chr20;62252641;1;Activated_dN
chr22;21281190;1;Activated_dN
chr16;30153929;1;Activated_dN
chr10;135225783;1;Activated_dN
chr4;106995885;1;Activated_dN
chr8;141900967;1;Activated_dN
chr8;145070764;2;Activated_dN
chr19;46136549;1;Activated_dN
chr8;125112479;1;Activated_dN
chr5;903944;1;Activated_dN
chr22;39461538;1;Activated_dN
chr1;40514605;1;Activated_dN
chr15;77612080;1;Activated_dN
chr6;41950192;1;Activated_dN
chr7;45086609;1;Activated_dN
chr8;146285596;1;Activated_dN
chr16;3187010;1;Activated_dN
chr17;78794760;1;Activated_dN
chr19;18832966;1;Activated_dN
chr1;12077025;2;Activated_dN
chr9;139710423;1;Activated_dN
chr2;55325878;1;Activated_dN
chr17;7394522;2;Activated_dN
chr2;86316267;1;Activated_dN
chr16;70278987;1;Activated_dN
chr19;1075844;1;Activated_dN
chr10;31616174;1;Activated_dN
chr2;204269039;1;Activated_dN
chr2;231990872;1;Activated_dN
chr8;124155804;1;Activated_dN
chr16;3127352;1;Activated_dN
chr1;155044491;1;Activated_dN
chr6;38309069;1;Activated_dN
chr17;79575065;1;Activated_dN
chr12;54123000;1;Activated_dN
chr17;37673109;1;Activated_dN
chr22;36549778;1;Activated_dN
chr3;136386709;1;Activated_dN
chr14;95594864;2;Activated_dN
chr19;39872895;1;Activated_dN
chr12;6894974;1;Activated_dN
chr12;58102864;1;Activated_dN
chr13;115088436;1;Activated_dN
chr2;182294462;1;Activated_dN
chr12;11189818;1;Activated_dN
chr16;497016;1;Activated_dN
chr1;35793412;1;Activated_dN
chr17;27091894;1;Activated_dN
chr19;44104892;1;Activated_dN
chr8;101954229;1;Activated_dN
chr13;111834671;1;Activated_dN
chr4;160006118;1;Activated_dN
chr19;59003627;1;Activated_dN
chrX;30854081;1;Activated_dN
chr2;149545842;1;Activated_dN
chr17;78760296;1;Activated_dN
chr11;243577;1;Activated_dN
chr6;28395220;1;Activated_dN
chr22;50201994;1;Activated_dN
chr3;195632873;1;Activated_dN
chr17;16957085;1;Activated_dN
chr22;19477519;1;Activated_dN
chr1;207931989;1;Activated_dN
chr17;80949594;1;Activated_dN
chr3;49062740;1;Activated_dN
chr3;171214397;1;Activated_dN
chr14;102334236;1;Activated_dN
chr17;79812128;1;Activated_dN
chr9;74358189;1;Activated_dN
chr16;89468476;1;Activated_dN
chr16;84581021;1;Activated_dN
chr22;40455536;1;Activated_dN
chr4;20707771;1;Activated_dN
chr15;72301776;1;Activated_dN
chr15;91339634;1;Activated_dN
chr14;90162364;1;Activated_dN
chr17;7392585;2;Activated
chr6;45167481;1;Activated
chr6;21191432;1;Activated
chr2;238909210;2;Activated
chrX;13071869;2;Activated
chr11;108190076;2;Activated
chr20;1664675;1;Activated
chr1;156188964;1;Activated
chr4;1893034;5;Activated
chr6;108957850;5;Activated
chr5;180247831;2;Activated
chr16;3567902;1;Activated
chr3;105563517;2;Activated
chr16;3275477;4;Activated
chr16;3710101;2;Activated
chr10;4197024;1;Activated
chr9;132722421;1;Activated
chr11;65607300;4;Activated
chr6;36482695;1;Activated
chr20;62529709;13;Activated
chr10;98708436;2;Activated
chr22;38772061;3;Activated
chr1;155504227;1;Activated
chr7;150254845;5;Activated
chr2;203565620;3;Activated
chr3;193334269;7;Activated
chr9;4799398;2;Activated
chr1;154397404;1;Activated
chr1;29292782;1;Activated
chr1;25354021;3;Activated
chr2;71665924;8;Activated
chr3;50635553;18;Activated
chr11;72839083;1;Activated
chr16;81028681;2;Activated
chr17;73907700;2;Activated
chr3;52728046;2;Activated
chr20;42174498;1;Activated
chr1;94351559;3;Activated
chr19;40195437;2;Activated
chr19;42395253;2;Activated
chr17;27137913;1;Activated
chr2;98173132;3;Activated
chr22;38893409;1;Activated
chr2;241502709;1;Activated
chr12;110747972;1;Activated
chr22;41240833;3;Activated
chr6;38553459;1;Activated
chr17;1282443;1;Activated
chr2;175476660;3;Activated
chr11;60744242;2;Activated
chr1;35958766;1;Activated
chr19;47608059;3;Activated
chr16;30727829;2;Activated
chr21;48049684;1;Activated
chr6;90687811;1;Activated
chr12;49095866;1;Activated
chr1;149980818;1;Activated
chr22;50416249;5;Activated
chr15;59289592;2;Activated
chr11;10882538;5;Activated
chr4;26674579;1;Activated
chr2;198859272;1;Activated
chr19;45793428;2;Activated
chr12;56205045;3;Activated
chr17;78563004;1;Activated
chr3;98474113;3;Activated
chr19;17871774;3;Activated
chr11;108179299;2;Activated
chr15;91281525;1;Activated
chr19;49825915;1;Activated
chr17;29530145;2;Activated
chr10;135213202;1;Activated
chr8;126068722;1;Activated
chr11;7559492;1;Activated
chr7;150419567;1;Activated
chr15;91510506;3;Activated
chr1;203654999;2;Activated
chr16;24784136;1;Activated
chr16;3130112;5;Activated
chr9;135215091;1;Activated
chr21;35454430;3;Activated
chr12;952288;1;Activated
chr17;79592577;2;Activated
chr10;70670696;5;Activated
chr15;91280514;2;Activated
chr1;40874204;4;Activated
chr12;56310779;1;Activated
chr18;9153690;2;Activated
chr9;131079685;4;Activated
chr1;114160476;5;Activated
chr11;65272514;1;Activated
chr19;13284468;4;Activated
chr12;123088741;4;Activated
chr5;180680119;1;Activated
chr11;64734926;1;Activated
chr17;14063410;1;Activated
chr9;93811847;1;Activated
chr17;74226285;1;Activated
chr15;68582710;1;Activated
chr19;34666463;4;Activated
chr7;26252699;3;Activated
chr4;140287034;2;Activated
chr16;245145;2;Activated
chr17;4948350;1;Activated
chr6;34348573;1;Activated
chr19;1213312;1;Activated
chr4;76954897;2;Activated
chr19;1213311;1;Activated
chr12;121239554;1;Activated
chr15;52849119;2;Activated
chr19;13065203;1;Activated
chr16;3027306;1;Activated
chr17;80225036;2;Activated
chr2;99707245;1;Activated
chr11;63609102;1;Activated
chr6;158342780;1;Activated
chr2;235123837;1;Activated
chr3;50058799;1;Activated
chr5;149387417;1;Activated
chr1;27044807;1;Activated
chrX;9606124;1;Activated
chr16;1669113;1;Activated
chr4;6683775;6;Activated
chr22;36654159;2;Activated
chr1;3564438;2;Activated
chr14;35259843;1;Activated
chr7;55551900;1;Activated
chr3;56941585;1;Activated
chr8;145609807;2;Activated
chr11;63457606;5;Activated
chr19;46013899;2;Activated
chr12;6543891;1;Activated
chr11;118637961;3;Activated
chr18;23607175;1;Activated
chr16;786670;1;Activated
chr16;68086161;1;Activated
chr1;40524082;1;Activated
chr16;30476900;1;Activated
chr19;50500735;2;Activated
chr9;131367663;1;Activated
chr14;56125314;1;Activated
chr19;51310641;2;Activated
chr1;101676892;1;Activated
chr17;35329349;1;Activated
chr15;41669593;1;Activated
chr16;1743947;1;Activated
chr17;7374208;3;Activated
chr15;63799385;1;Activated
chr4;185631356;1;Activated
chr15;44903414;1;Activated
chr4;42607505;1;Activated
chr19;10283276;1;Activated
chr19;1363384;2;Activated
chr7;44917780;1;Activated
chr14;103306758;3;Activated
chr16;68194037;1;Activated
chr17;2132484;1;Activated
chr15;78355882;1;Activated
chr5;65337608;2;Activated
chr22;46462609;2;Activated
chr20;62345444;2;Activated
chr22;39094948;5;Activated
chr4;90265668;3;Activated
chr6;36471524;2;Activated
chr10;28635514;2;Activated
chr21;36313780;1;Activated
chr6;3925770;1;Activated
chr6;157188583;3;Activated
chr1;8462586;1;Activated
chr9;139368964;1;Activated
chr19;49821193;1;Activated
chr22;40569636;2;Activated
chr12;29515202;1;Activated
chr11;66983427;2;Activated
chr11;65870443;1;Activated
chr2;243060498;3;Activated
chr11;65956050;1;Activated
chr3;43354705;2;Activated
chr15;65806561;1;Activated
chr19;18146947;1;Activated
chr3;50058797;1;Activated
chr15;41998541;2;Activated
chr13;46099124;1;Activated
chr22;38654770;1;Activated
chr3;134260601;2;Activated
chr6;37471523;1;Activated
chr1;200986614;2;Activated
chr1;112016788;1;Activated
chr6;45600738;1;Activated
chr16;1770364;1;Activated
chr12;9810434;1;Activated
chr6;43721386;1;Activated
chr2;7641232;1;Activated
chr1;25681945;1;Activated
chr19;7489690;1;Activated
chr19;39924320;1;Activated
chr11;72743392;1;Activated
chr5;179973053;1;Activated
chr17;73388672;2;Activated
chr7;106956366;1;Activated
chr3;196932968;2;Activated
chr17;79809140;2;Activated
chr9;98744673;1;Activated
chr14;21884605;1;Activated
chr16;393237;1;Activated
chr17;73771773;3;Activated
chr9;128337044;1;Activated
chr11;63310929;2;Activated
chr18;21643838;3;Activated
chr22;50837813;1;Activated
chr6;35677832;2;Activated
chr9;139363377;1;Activated
chr5;77032337;1;Activated
chr19;12335758;1;Activated
chrX;154267218;1;Activated
chr4;108499784;1;Activated
chr20;40100013;1;Activated
chr20;57233463;4;Activated
chr12;6897762;2;Activated
chr6;42323862;1;Activated
chr19;50225919;1;Activated
chr12;7096494;2;Activated
chr8;145972591;1;Activated
chr9;116108665;1;Activated
chr20;3823366;1;Activated
chr17;7785817;2;Activated
chr18;19208341;1;Activated
chr22;50200176;2;Activated
chr7;92424658;1;Activated
chr12;123041800;1;Activated
chr16;29822337;1;Activated
chr12;6970418;1;Activated
chr5;61635181;1;Activated
chr8;23018937;1;Activated
chr16;28196516;1;Activated
chr11;60801081;1;Activated
chr17;78841093;1;Activated
chr5;55313682;1;Activated
chr1;1736283;1;Activated
chr17;17728186;1;Activated
chr11;73700077;2;Activated
chr15;75667886;1;Activated
chr7;129056353;2;Activated
chr6;90925789;1;Activated
chr6;38005910;1;Activated
chr1;1331011;1;Activated
chr15;64812926;1;Activated
chr11;65607302;1;Activated
chr9;88914322;2;Activated
chr12;54670117;2;Activated
chr1;8801179;1;Activated
chr19;39143776;1;Activated
chr17;38727071;1;Activated
chr19;48757334;1;Activated
chr13;111625716;1;Activated
chr20;61547648;1;Activated
chr1;194253609;1;Activated
chr1;1195680;1;Activated
chr9;123948269;1;Activated
chr16;30171424;1;Activated
chr2;26449641;1;Activated
chr16;69020974;1;Activated
chr16;990547;1;Activated
chr1;160525667;2;Activated
chr19;14482250;1;Activated
chr19;49311767;1;Activated
chr10;73937230;1;Activated
chr10;76312401;1;Activated
chr1;184825201;1;Activated
chr16;786667;1;Activated
chr9;134314226;2;Activated
chr17;73477798;1;Activated
chr1;9780070;1;Activated
chr18;2629200;1;Activated
chr7;44098353;2;Activated
chr19;58063596;1;Activated
chr4;3034572;1;Activated
chr15;66167054;2;Activated
chr16;25039913;1;Activated
chr8;29923393;2;Activated
chr17;80493321;1;Activated
chr19;35734275;1;Activated
chrX;49108433;1;Activated
chr1;29082688;1;Activated
chr16;70469200;1;Activated
chr16;28158850;1;Activated
chr19;17095623;1;Activated
chr12;53985907;1;Activated
chr19;17095620;1;Activated
chr17;57876673;1;Activated
chr5;247970;1;Activated
chr7;105892404;2;Activated
chr8;145610485;1;Activated
chr5;139845776;2;Activated
chrX;53697315;1;Activated
chr17;67173315;1;Activated
chr9;139283458;3;Activated
chr8;79507400;1;Activated
chr12;123619709;1;Activated
chr11;7565179;1;Activated
chr3;45742278;1;Activated
chr3;48969574;1;Activated
chr10;90652623;1;Activated
chr16;497571;1;Activated
chr9;130756340;2;Activated
chr14;58983050;1;Activated
chr9;140454905;1;Activated
chr16;89833556;1;Activated
chr1;10096323;1;Activated
chr2;44433332;1;Activated
chr6;79671437;1;Activated
chr17;38291380;2;Activated
chr17;5246370;1;Activated
chr1;231057981;1;Activated
chr11;3950526;1;Activated
chr15;42798680;1;Activated
chr1;150091307;1;Activated
chr17;42968421;1;Activated
chr12;56517880;1;Activated
chr21;46335583;1;Activated
chr2;240923360;1;Activated
chr20;62533149;2;Activated
chr11;241567;1;Activated
chr17;1340479;1;Activated
chr6;14753454;1;Activated
chr19;48889091;1;Activated
chr3;114863343;1;Activated
chr2;231988375;1;Activated
chr8;146120528;1;Activated
chr13;115093561;1;Activated
chr17;29139217;1;Activated
chr19;1272294;1;Activated
chr19;42063030;1;Activated
chr12;112898827;2;Activated
chr17;7392188;1;Activated
chr1;25300764;2;Activated
chr8;146171085;1;Activated
chr10;131960332;2;Activated
chr16;28196519;1;Activated
chr6;26452872;1;Activated
chr12;111080041;1;Activated
chr2;86697086;1;Activated
chr11;65036993;1;Activated
chr22;38896343;2;Activated
chr12;6840514;1;Activated
chr19;43989400;1;Activated
chr12;121276433;1;Activated
chr16;30491300;1;Activated
chr9;139307692;1;Activated
chr17;78294843;1;Activated
chr12;50606043;1;Activated
chr18;2693627;1;Activated
chr2;160593129;1;Activated
chr1;182543886;1;Activated
chr14;23037853;1;Activated
chr1;179982881;1;Activated
chr3;47126859;1;Activated
chr17;17845332;1;Activated
chr19;50326447;1;Activated
chr1;155491418;1;Activated
chr12;4205117;1;Activated
chr20;2898017;1;Activated
chr4;38680400;1;Activated
chr2;85068133;1;Resting_dN
chr4;169157979;1;Resting_dN
chr2;99337629;1;Resting_dN
chr6;149651662;2;Resting_dN
chr2;171922526;1;Resting_dN
chr17;54859543;1;Resting_dN
chr3;152042541;3;Resting_dN
chr22;20893669;1;Resting_dN
chr17;27221352;1;Resting_dN
chr6;38034816;2;Resting_dN
chr19;40837650;1;Resting_dN
chr14;62164779;1;Resting_dN
chr17;27221351;1;Resting_dN
chr12;53877287;2;Resting_dN
chr21;47881317;3;Resting_dN
chr10;28870326;2;Resting_dN
chr17;2107971;1;Resting_dN
chr20;5994800;1;Resting_dN
chr17;76763893;1;Resting_dN
chr7;150307783;1;Resting_dN
chr4;15612811;1;Resting_dN
chr3;133898748;1;Resting_dN
chr10;74174623;1;Resting_dN
chr13;41230401;1;Resting_dN
chr1;150816643;1;Resting_dN
chr5;137036562;1;Resting_dN
chr13;31230488;2;Resting_dN
chr1;27775594;1;Resting_dN
chr9;95790768;1;Resting_dN
chr14;105898253;1;Resting_dN
chr12;54906902;1;Resting_dN
chr1;98156318;1;Resting_dN
chr9;131323389;1;Resting_dN
chr6;36047942;1;Resting_dN
chr7;150162433;1;Resting_dN
chr1;160424638;1;Resting_dN
chr10;73863268;1;Resting_dN
chr19;41232599;2;Resting_dN
chr3;142279070;1;Resting_dN
chr6;52191379;1;Resting_dN
chr14;59786601;1;Resting_dN
chr8;68002903;1;Resting_dN
chr5;176868509;1;Resting_dN
chr2;61721490;1;Resting_dN
chr7;150151933;1;Resting_dN
chr17;76752346;1;Resting_dN
chr2;175460907;1;Resting_dN
chr11;6748292;1;Resting_dN
chr12;116485569;1;Resting_dN
chr3;152162462;2;Resting_dN
chr2;24124548;1;Resting_dN
chr19;15428976;1;Resting_dN
chr17;7770101;1;Resting_dN
chr10;46129811;2;Resting_dN
chr9;73173881;1;Resting_dN
chr15;63867726;1;Resting_dN
chr21;46167243;1;Resting_dN
chr8;132947888;3;Resting_dN
chr9;92032409;1;Resting_dN
chr2;99277870;1;Resting_dN
chr6;128306855;3;Resting_dN
chr18;60948260;2;Resting_dN
chr7;77317933;1;Resting_dN
chr15;44990567;1;Resting_dN
chr17;33917773;1;Resting_dN
chr15;62177686;2;Resting_dN
chr1;154403687;2;Resting_dN
chr19;1363364;1;Resting_dN
chr12;122080112;2;Resting_dN
chr13;60979109;2;Resting_dN
chr1;154403686;2;Resting_dN
chr8;66711556;2;Resting_dN
chr15;58331056;1;Resting_dN
chr7;30359414;1;Resting_dN
chr11;60768828;2;Resting_dN
chr2;238347133;1;Resting_dN
chr11;73689628;3;Resting_dN
chr2;99334875;1;Resting_dN
chr13;77757305;1;Resting_dN
chr6;34657450;1;Resting_dN
chr16;4552336;1;Resting_dN
chr7;158611512;1;Resting_dN
chr12;15124729;1;Resting_dN
chr17;40423429;3;Resting_dN
chr13;74604302;2;Resting_dN
chr17;7779450;5;Resting_dN
chr7;150421399;2;Resting_dN
chr1;23922985;1;Resting_dN
chr9;102718338;2;Resting_dN
chr10;6629019;1;Resting_dN
chr9;100691158;1;Resting_dN
chr13;49057650;1;Resting_dN
chr7;92423817;1;Resting_dN
chr11;60766022;1;Resting_dN
chr5;150507563;1;Resting_dN
chr2;23969167;1;Resting_dN
chr12;51175102;1;Resting_dN
chr3;32467926;1;Resting_dN
chr15;64860577;1;Resting_dN
chr17;63042272;2;Resting_dN
chr5;110607143;1;Resting_dN
chr16;58576338;1;Resting_dN
chr16;57091047;1;Resting_dN
chr12;47625617;1;Resting_dN
chr7;104663924;2;Resting_dN
chr17;7391731;1;Resting_dN
chr13;80989941;2;Resting_dN
chr15;93434017;3;Resting_dN
chr12;903487;1;Resting_dN
chr2;197006067;1;Resting_dN
chr12;123712074;1;Resting_dN
chr22;40490975;1;Resting_dN
chr5;133456815;3;Resting_dN
chr16;69232063;1;Resting_dN
chr19;47684163;4;Resting_dN
chr8;145979113;1;Resting_dN
chr18;9267929;1;Resting_dN
chr2;102435738;1;Resting_dN
chr11;119088645;2;Resting_dN
chr6;149653470;1;Resting_dN
chr19;41236864;1;Resting_dN
chr1;32840145;1;Resting_dN
chr9;123952839;1;Resting_dN
chr17;76075307;1;Resting_dN
chr9;20595784;1;Resting_dN
chr7;2996488;1;Resting_dN
chr5;180139921;2;Resting_dN
chr17;76000333;1;Resting_dN
chr4;109058580;1;Resting_dN
chr22;40302766;1;Resting_dN
chr20;11012678;1;Resting_dN
chrX;135759902;1;Resting_dN
chr8;107770533;2;Resting_dN
chr10;15246809;3;Resting_dN
chr11;67247737;1;Resting_dN
chr6;149904807;1;Resting_dN
chr22;46616402;1;Resting_dN
chr20;62254088;1;Resting_dN
chr5;130876881;1;Resting_dN
chr10;89549003;4;Resting_dN
chr8;125651338;1;Resting_dN
chr9;132723465;1;Resting_dN
chr22;40557811;1;Resting_dN
chr11;344959;1;Resting_dN
chr14;93040541;1;Resting_dN
chr14;22354576;1;Resting_dN
chr8;19355876;1;Resting_dN
chr4;149166724;1;Resting_dN
chr17;76739931;3;Resting_dN
chr14;22236956;1;Resting_dN
chr5;118548096;1;Resting_dN
chr20;3128015;2;Resting_dN
chr6;22694599;1;Resting_dN
chr4;87971427;1;Resting_dN
chr22;32886659;1;Resting_dN
chr9;4704259;1;Resting_dN
chr9;95746118;1;Resting_dN
chr2;99288746;1;Resting_dN
chr21;47900098;1;Resting_dN
chr16;57040642;1;Resting_dN
chr16;3623463;1;Resting_dN
chr16;89551576;1;Resting_dN
chr6;136176106;1;Resting_dN
chr6;154589767;1;Resting_dN
chr9;20973180;1;Resting_dN
chr2;99288912;4;Resting_dN
chr4;2700872;1;Resting_dN
chr6;35560158;2;Resting_dN
chr17;46491045;1;Resting_dN
chr20;62350514;1;Resting_dN
chr6;143188500;1;Resting_dN
chr7;27846022;1;Resting_dN
chr17;73363441;1;Resting_dN
chr1;89724790;1;Resting_dN
chr2;54174446;1;Resting_dN
chr19;49993389;1;Resting_dN
chr16;378032;1;Resting_dN
chr6;41971866;2;Resting_dN
chr22;50217901;1;Resting_dN
chr2;44407371;1;Resting_dN
chr16;68986488;1;Resting_dN
chr22;45730421;2;Resting_dN
chr11;95589290;1;Resting_dN
chr2;198082318;1;Resting_dN
chr20;61578298;1;Resting_dN
chr12;47604019;2;Resting_dN
chr5;156631934;1;Resting_dN
chr16;27423485;2;Resting_dN
chr21;38785950;1;Resting_dN
chr10;111863035;1;Resting_dN
chr1;151190328;1;Resting_dN
chr18;32633653;1;Resting_dN
chr7;134364799;1;Resting_dN
chr9;80362515;1;Resting_dN
chr6;156202645;1;Resting_dN
chr18;42390463;1;Resting_dN
chr11;66957947;1;Resting_dN
chr12;1136370;2;Resting_dN
chr19;49993386;1;Resting_dN
chr2;55798774;1;Resting_dN
chr13;30873158;1;Resting_dN
chr9;130739564;1;Resting_dN
chr9;123435007;1;Resting_dN
chr16;4536394;1;Resting_dN
chr20;61578299;1;Resting_dN
chr5;58285594;1;Resting_dN
chr1;40812943;2;Resting_dN
chr14;106590083;1;Resting_dN
chr12;57419370;1;Resting_dN
chr1;32724009;1;Resting_dN
chr3;114801268;1;Resting_dN
chr16;27340232;1;Resting_dN
chr6;155094801;1;Resting_dN
chr19;6958890;1;Resting_dN
chr13;114973970;2;Resting_dN
chr17;2104527;1;Resting_dN
chr13;42796820;1;Resting_dN
chr22;45568456;1;Resting_dN
chr16;28199596;1;Resting_dN
chr7;21518781;1;Resting_dN
chr11;102294132;1;Resting_dN
chr7;96796392;1;Resting_dN
chr19;8521476;1;Resting_dN
chr1;116865499;1;Resting_dN
chr8;66700573;1;Resting_dN
chr16;50811133;1;Resting_dN
chr11;65316149;1;Resting_dN
chr1;23983206;1;Resting_dN
chr2;69901135;1;Resting_dN
chr1;39684339;1;Resting_dN
chr16;3310099;4;Resting_dN
chr7;142405264;1;Resting_dN
chr3;18946230;1;Resting_dN
chr9;91037135;1;Resting_dN
chr18;19402737;1;Resting_dN
chr18;205826;1;Resting_dN
chr14;38395587;1;Resting_dN
chr11;73689627;1;Resting_dN
chr3;50608893;1;Resting_dN
chr16;50220667;1;Resting_dN
chr3;48530188;1;Resting_dN
chr16;30498557;2;Resting_dN
chr12;875351;1;Resting_dN
chr20;5098486;1;Resting_dN
chr2;171805230;2;Resting_dN
chr14;92330758;1;Resting_dN
chr2;128076464;1;Resting_dN
chr9;132798844;1;Resting_dN
chr10;942750;2;Resting_dN
chr3;71533932;2;Resting_dN
chr17;76736763;2;Resting_dN
chr7;44916643;1;Resting_dN
chr19;5646866;2;Resting_dN
chr19;58791974;2;Resting_dN
chr12;46183103;1;Resting_dN
chr2;161337260;3;Resting_dN
chr8;27259698;2;Resting_dN
chr6;36496424;2;Resting_dN
chr1;89992344;1;Resting_dN
chr11;35238384;1;Resting_dN
chr17;75333551;1;Resting_dN
chr5;131786698;1;Resting_dN
chr2;99068139;1;Resting_dN
chr17;78618693;2;Resting_dN
chr11;114061400;1;Resting_dN
chr9;91935125;1;Resting_dN
chr2;204627483;1;Resting_dN
chr13;41909382;1;Resting_dN
chr19;14157574;1;Resting_dN
chr7;99928523;1;Resting_dN
chr3;32467927;1;Resting_dN
chr19;39393088;1;Resting_dN
chr1;198545362;1;Resting_dN
chr17;76075308;1;Resting_dN
chr20;11012677;1;Resting_dN
chr18;56304676;2;Resting_dN
chr5;133713591;1;Resting_dN
chr14;61909506;1;Resting_dN
chr2;235104861;1;Resting_dN
chr19;8521478;1;Resting_dN
chr15;72232815;1;Resting_dN
chr3;18404507;1;Resting_dN
chr17;62202327;1;Resting_dN
chr10;30641233;2;Resting_dN
chrX;44196549;1;Resting_dN
chr10;52274190;1;Resting_dN
chr1;172548037;1;Resting_dN
chr1;150548041;1;Resting_dN
chr15;75920460;1;Resting_dN
chr17;6830724;1;Resting_dN
chr3;191259256;2;Resting_dN
chr1;111789758;1;Resting_dN
chr17;18170521;1;Resting_dN
chr1;198579538;1;Resting_dN
chr14;38592475;1;Resting_dN
chr8;128199691;1;Resting_dN
chr9;117116644;1;Resting_dN
chr1;28817378;1;Resting_dN
chr5;111577658;1;Resting_dN
chr19;12436638;1;Resting_dN
chr7;16683052;1;Resting_dN
chr13;74407910;1;Resting_dN
chr9;31376772;1;Resting_dN
chr12;101768771;2;Resting_dN
chr1;10402277;1;Resting_dN
chr2;191775915;1;Resting_dN
chr7;86599204;1;Resting_dN
chrX;123880609;1;Resting_dN
chr2;98548508;1;Resting_dN
chr1;155506400;1;Resting_dN
chr9;15302032;1;Resting_dN
chr17;62527945;1;Resting_dN
chr6;163916717;1;Resting_dN
chr2;20476555;1;Resting_dN
chr9;96232971;1;Resting_dN
chr3;50028658;1;Resting_dN
chr20;33030011;1;Resting_dN
chr21;34615703;1;Resting_dN
chr5;107599091;1;Resting_dN
chr12;104997515;1;Resting_dN
chr16;2119023;1;Resting_dN
chr3;43369642;1;Resting_dN
chr1;198614214;1;Resting_dN
chr19;17914809;1;Resting_dN
chr14;74387609;1;Resting_dN
chr8;126958352;1;Resting_dN
chr15;43285092;1;Resting_dN
chr12;9809394;1;Resting_dN
chr7;35672176;2;Resting_dN
chr19;6787500;1;Resting_dN
chr17;65344740;1;Resting_dN
chr2;197974137;1;Resting_dN
chr1;1734487;1;Resting_dN
chr11;46379102;1;Resting_dN
chr15;55571076;1;Resting_dN
chr11;121383082;1;Resting_dN
chr5;78618493;1;Resting_dN
chr6;159321750;1;Resting_dN
chr20;35567878;1;Resting_dN
chr16;68315943;1;Resting_dN
chr3;127776935;1;Resting_dN
chr12;118783615;1;Resting_dN
chr6;157107619;1;Resting_dN
chr9;6466461;1;Resting_dN
chr1;22406205;1;Resting_dN
chr2;191780245;1;Resting_dN
chr9;130842931;1;Resting_dN
chr20;1650136;1;Resting_dN
chr11;107429253;1;Resting_dN
chr2;197127796;1;Resting_dN
chr12;53017479;1;Resting_dN
chr11;110564985;1;Resting_dN
chr5;133497505;1;Resting_dN
chr5;125796722;1;Resting_dN
chr1;192548591;1;Resting_dN
chr10;131968027;1;Resting_dN
chr14;35310508;1;Resting_dN
chr1;25956897;1;Resting_dN
chr17;40420443;1;Resting_dN
chr12;65014831;1;Resting_dN
chr19;35778386;1;Resting_dN
chr20;31280036;1;Resting_dN
chr20;8305854;1;Resting_dN
chr2;235408077;1;Resting_dN
chr20;49134353;1;Resting_dN
chr4;24574749;1;Resting_dN
chr16;258062;1;Resting_dN
chr6;52246587;1;Resting_dN
chr6;24659916;1;Resting_dN
chr2;231281466;1;Resting_dN
chr4;143225172;1;Resting_dN
chr20;8305853;1;Resting_dN
chr18;2617114;1;Resting_dN
chr17;49003983;1;Resting_dN
chr1;3444238;1;Resting_dN
chr6;36420124;2;Resting_dN
chr11;3947149;1;Resting_dN
chr1;97210095;1;Resting_dN
chr13;100206942;1;Resting_dN
chr3;169821483;1;Resting_dN
chr2;238938931;2;Resting_dN
chr20;60862572;1;Resting_dN
chr1;28384492;1;Resting_dN
chr4;109047409;1;Resting_dN
chr10;62396426;1;Resting_dN
chr22;36733438;1;Resting_dN
chr1;205704686;1;Resting_dN
chr9;125903187;1;Resting_dN
chr13;21053607;1;Resting_dN
chr7;150421313;1;Resting_dN
chr11;4006116;1;Resting
chr11;128355925;5;Resting
chr8;9622809;2;Resting
chr19;40424752;2;Resting
chr18;2709445;1;Resting
chr19;2079025;1;Resting
chr6;44820758;3;Resting
chr14;107158933;3;Resting
chr19;5620444;3;Resting
chr15;38844370;1;Resting
chr17;78619075;2;Resting
chr11;65876667;1;Resting
chr6;13655254;1;Resting
chr17;57858561;2;Resting
chr2;203519472;1;Resting
chr12;67899997;2;Resting
chr19;10768101;1;Resting
chr16;53524391;1;Resting
chr1;16207518;3;Resting
chr22;18182044;1;Resting
chr15;63996199;6;Resting
chr13;114981790;7;Resting
chrX;109462762;3;Resting
chr17;20149193;4;Resting
chr13;114986890;1;Resting
chr10;11366256;1;Resting
chr22;21184480;1;Resting
chr2;68485528;1;Resting
chr14;100556798;2;Resting
chr11;65274648;5;Resting
chr10;120166704;1;Resting
chr13;22025287;1;Resting
chr11;48107284;1;Resting
chr20;61540860;1;Resting
chr7;5790880;2;Resting
chr16;28195457;2;Resting
chr4;154474846;1;Resting
chr12;903284;1;Resting
chr19;42403677;6;Resting
chr2;85071574;1;Resting
chr3;43336904;3;Resting
chr5;110716700;1;Resting
chr1;32503415;1;Resting
chr12;9817555;1;Resting
chr8;97773442;2;Resting
chr20;30976429;1;Resting
chr18;8093843;2;Resting
chr19;49818181;2;Resting
chr14;21705769;1;Resting
chr6;45316105;1;Resting
chr5;180264685;1;Resting
chr15;38783338;1;Resting
chr8;141813006;5;Resting
chr1;155776313;1;Resting
chr16;17441466;1;Resting
chr5;133413779;1;Resting
chr1;226919499;5;Resting
chr21;38791695;1;Resting
chr22;31353038;1;Resting
chr11;65889727;1;Resting
chr11;66892674;6;Resting
chr18;9120723;1;Resting
chr13;99657829;1;Resting
chr3;170919423;1;Resting
chr17;40420522;1;Resting
chr16;67652487;1;Resting
chr3;41649514;1;Resting
chr6;108266824;1;Resting
chr17;40404652;1;Resting
chr4;122142068;1;Resting
chr8;66658005;1;Resting
chr5;35865583;2;Resting
chr5;98210707;1;Resting
chr5;16507943;3;Resting
chr16;89797175;1;Resting
chr12;26767956;1;Resting
chr19;14636220;2;Resting
chr13;77783856;2;Resting
chr16;69612061;1;Resting
chr7;158548364;2;Resting
chr8;22364784;1;Resting
chr1;64505003;1;Resting
chr19;40431780;1;Resting
chr17;35948543;1;Resting
chr10;105732846;1;Resting
chr16;4551268;1;Resting
chr5;39122987;1;Resting
chr8;90962582;1;Resting
chr10;131891678;2;Resting
chr17;78618799;1;Resting
chr14;99667661;1;Resting
chr5;110716661;1;Resting
chr11;70357983;1;Resting
chr6;42745030;4;Resting
chr17;26997845;1;Resting
chr16;3112110;1;Resting
chr19;40467930;1;Resting
chr17;73357596;4;Resting
chr22;17581959;2;Resting
chr10;73496704;1;Resting
chr1;27741515;2;Resting
chr6;13677792;2;Resting
chr2;240282808;2;Resting
chr8;116473651;1;Resting
chr20;43637230;3;Resting
chr2;175342568;1;Resting
chr14;91933857;1;Resting
chr2;99274509;1;Resting
chr8;48960577;1;Resting
chr1;198844234;2;Resting
chr22;40704909;1;Resting
chr4;48657301;3;Resting
chr10;76602099;1;Resting
chr11;11900596;1;Resting
chr12;112490049;1;Resting
chr14;68800671;1;Resting
chr1;176081756;1;Resting
chr14;51202081;1;Resting
chr8;74769342;1;Resting
chr17;63031046;2;Resting
chr1;16483807;2;Resting
chr7;49041697;7;Resting
chr22;36818463;1;Resting
chr19;47666692;1;Resting
chr17;5221060;4;Resting
chr6;26134555;3;Resting
chr1;1755095;1;Resting
chr22;19352792;2;Resting
chr22;40241147;1;Resting
chr1;155803650;2;Resting
chr16;3129412;1;Resting
chr5;130906144;1;Resting
chr10;111803142;1;Resting
chr21;34943888;3;Resting
chr19;53396754;1;Resting
chr17;33751596;2;Resting
chr7;5723272;5;Resting
chr3;48833710;1;Resting
chr14;61827382;1;Resting
chr2;87043002;1;Resting
chrX;47860914;2;Resting
chr2;99292376;1;Resting
chr12;132457696;2;Resting
chr8;22360702;1;Resting
chr17;45159972;2;Resting
chr16;46854674;1;Resting
chr9;37148131;1;Resting
chr20;33174891;3;Resting
chr11;333669;1;Resting
chr16;27362355;1;Resting
chr12;50868087;1;Resting
chr8;118546868;2;Resting
chr17;38008319;1;Resting
chr15;44987882;3;Resting
chr8;79435671;2;Resting
chr6;161332934;3;Resting
chr2;106381997;1;Resting
chr4;6814104;1;Resting
chrX;153245501;2;Resting
chr9;129201839;5;Resting
chr12;46839958;2;Resting
chr7;110961047;1;Resting
chr7;150166190;1;Resting
chr10;112648538;1;Resting
chr2;181043105;1;Resting
chr5;148212461;1;Resting
chr16;87504259;1;Resting
chr2;98401934;1;Resting
chr9;99603886;1;Resting
chr10;115923171;1;Resting
chr11;340545;1;Resting
chr3;195255251;1;Resting
chr19;34704278;2;Resting
chr13;115037683;1;Resting
chr2;48091823;2;Resting
chr8;142258166;1;Resting
chr17;75156194;1;Resting
chr21;46279373;1;Resting
chr1;234823322;1;Resting
chr13;113191742;1;Resting
chr2;99313110;1;Resting
chr5;80335153;1;Resting
chr8;61696426;1;Resting
chr2;7073164;1;Resting
chr7;110646035;1;Resting
chr8;22365323;1;Resting
chr5;35813443;1;Resting
chr17;7372303;1;Resting
chr3;152037329;1;Resting
chr8;135729227;2;Resting
chr3;4885133;1;Resting
chr6;41947417;2;Resting
chr8;9470194;1;Resting
chr7;43639851;4;Resting
chr12;80179050;2;Resting
chr15;72794086;3;Resting
chr2;203548217;2;Resting
chr2;158205867;2;Resting
chr3;71235566;1;Resting
chr11;96037270;1;Resting
chr11;328340;2;Resting
chr1;19496308;1;Resting
chr11;3741915;1;Resting
chr10;112648441;1;Resting
chr8;66736352;2;Resting
chr11;74669805;1;Resting
chr13;41226600;4;Resting
chr8;131294428;1;Resting
chr16;53301971;1;Resting
chr2;54150707;1;Resting
chr3;114533278;2;Resting
chr9;135206662;1;Resting
chr1;36404367;1;Resting
chr2;197953052;1;Resting
chr16;67901319;1;Resting
chr19;53431212;2;Resting
chr18;43807250;1;Resting
chr1;31484262;1;Resting
chr1;89204389;1;Resting
chr17;76789124;1;Resting
chr2;207388452;1;Resting
chr17;33594148;1;Resting
chrX;15787623;1;Resting
chr2;69042327;2;Resting
chr21;48052044;1;Resting
chr11;119096788;1;Resting
chr2;101886262;2;Resting
chr21;34708095;1;Resting
chr10;69799627;1;Resting
chr20;52197226;1;Resting
chr19;12392882;2;Resting
chr11;18706189;1;Resting
chr3;183364508;2;Resting
chr2;175991597;1;Resting
chr5;139855637;1;Resting
chr14;51202083;2;Resting
chr12;9172133;2;Resting
chr20;39695004;2;Resting
chrX;131208077;3;Resting
chr14;75301250;1;Resting
chr12;4613116;1;Resting
chr3;47647296;1;Resting
chr16;27313947;1;Resting
chr19;19553030;2;Resting
chr15;93515275;1;Resting
chr11;74673676;2;Resting
chr16;69604512;1;Resting
chr6;41986735;2;Resting
chr17;2177390;1;Resting
chr15;87175353;2;Resting
chr19;8527518;3;Resting
chr16;69646462;2;Resting
chr22;40925273;2;Resting
chr1;27792237;1;Resting
chr18;2710578;1;Resting
chr14;61832400;1;Resting
chr7;150183458;1;Resting
chr12;111846010;3;Resting
chr21;47941612;1;Resting
chr6;131589430;1;Resting
chr9;37139868;1;Resting
chr5;156580858;1;Resting
chr12;57723067;1;Resting
chr8;81403593;3;Resting
chr2;64973565;1;Resting
chr1;160664008;2;Resting
chr9;132777495;1;Resting
chr8;133810912;1;Resting
chr1;84638828;1;Resting
chr19;47665830;1;Resting
chr3;16338077;1;Resting
chr22;40299015;2;Resting
chr12;50476153;1;Resting
chr11;14773705;1;Resting
chr11;65857931;1;Resting
chr6;118960610;2;Resting
chr18;18592850;1;Resting
chr9;37815062;1;Resting
chr19;40241347;1;Resting
chr14;95788096;1;Resting
chr21;35451058;1;Resting
chr9;100672782;2;Resting
chr12;93189675;1;Resting
chr7;110581565;1;Resting
chr1;32392845;1;Resting
chr1;226367078;1;Resting
chr7;99921215;1;Resting
chr2;99325849;1;Resting
chr6;87877313;3;Resting
chr13;97965343;1;Resting
chr12;111846009;1;Resting
chr11;46465536;1;Resting
chr5;156624251;1;Resting
chr1;182500720;2;Resting
chr10;33350624;2;Resting
chr2;84973082;1;Resting
chr17;75406837;1;Resting
chr7;45097716;1;Resting
chr4;38987383;1;Resting
chr13;99932409;1;Resting
chr20;57234314;1;Resting
chr19;40462337;1;Resting
chr2;32515172;1;Resting
chr16;69493726;1;Resting
chr21;38225016;3;Resting
chr4;40788375;1;Resting
chr7;72885279;1;Resting
chr15;60757427;2;Resting
chr5;150510942;1;Resting
chr8;19494889;3;Resting
chr12;111167513;1;Resting
chr3;48570287;1;Resting
chr16;89176624;3;Resting
chr11;64719986;1;Resting
chr7;30333374;2;Resting
chr13;74565005;2;Resting
chr5;79456198;4;Resting
chr4;40788374;1;Resting
chr2;232000600;1;Resting
chr7;151141823;2;Resting
chr1;231072594;1;Resting
chr17;65353236;1;Resting
chr12;15075132;1;Resting
chr16;3112109;3;Resting
chr17;40407220;1;Resting
chr1;111213283;1;Resting
chr8;107753345;1;Resting
chr18;3011004;1;Resting
chr1;19464356;1;Resting
chr1;155348280;1;Resting
chr8;11151031;1;Resting
chr14;89205591;1;Resting
chr18;29694783;1;Resting
chr22;31354326;1;Resting
chr16;89424638;1;Resting
chr14;78180966;1;Resting
chr3;114577160;1;Resting
chr6;90955619;1;Resting
chr16;694529;1;Resting
chr16;58611941;1;Resting
chr7;7645633;2;Resting
chr8;141830777;1;Resting
chr20;465242;1;Resting
chr1;35772219;1;Resting
chr18;2710577;1;Resting
chr6;35582003;1;Resting
chr19;41801985;1;Resting
chr17;78693167;1;Resting
chr20;62350272;4;Resting
chr10;6541565;2;Resting
chr1;117345055;1;Resting
chr16;28209143;1;Resting
chr12;107127704;1;Resting
chr4;114631190;1;Resting
chr19;47453227;1;Resting
chr10;86228512;1;Resting
chr8;41877877;1;Resting
chr11;64631655;1;Resting
chr1;146728417;1;Resting
chr16;50819742;1;Resting
chr5;70788342;2;Resting
chr21;45439245;1;Resting
chr2;54146263;1;Resting
chr18;2745198;1;Resting
chr1;9717943;1;Resting
chr11;130134956;1;Resting
chr16;50801176;1;Resting
chr20;62704029;2;Resting
chr11;14608339;1;Resting
chr17;18782510;1;Resting
chr2;175075191;1;Resting
chr9;127978044;1;Resting
chr10;22933623;3;Resting
chr4;110523446;2;Resting
chrX;70762878;1;Resting
chr17;57451253;1;Resting
chr16;4542896;2;Resting
chr16;28217006;1;Resting
chr9;20443714;1;Resting
chr7;142968106;1;Resting
chr6;24867003;2;Resting
chr17;36390260;1;Resting
chr16;68144908;1;Resting
chr8;74769343;2;Resting
chr4;80900595;2;Resting
chr21;15844717;1;Resting
chr15;42758897;1;Resting
chr22;19077414;1;Resting
chr19;44800345;2;Resting
chr18;72342976;7;Resting
chr11;65272015;1;Resting
chr8;100258053;1;Resting
chr14;100542847;1;Resting
chr11;6430811;1;Resting
chr3;197542832;1;Resting
chr3;45782607;1;Resting
chr22;40712940;1;Resting
chr18;72372966;1;Resting
chr11;74673620;1;Resting
chr19;34747829;1;Resting
chr16;3556103;2;Resting
chr18;3081208;6;Resting
chr10;82230444;2;Resting
chr1;244838230;1;Resting
chr11;65773156;1;Resting
chr17;663416;1;Resting
chr9;123960962;1;Resting
chr12;106706221;1;Resting
chr11;65773152;1;Resting
chr2;182091422;1;Resting
chr1;160602703;1;Resting
chr12;133409457;2;Resting
chr11;20440486;1;Resting
chr20;35561475;1;Resting
chr4;174381608;2;Resting
chr6;90932768;1;Resting
chr11;62566236;1;Resting
chr1;6944677;1;Resting
chr11;128097437;1;Resting
chrX;24234319;1;Resting
chr5;107683201;1;Resting
chr16;28191127;4;Resting
chr12;9817793;1;Resting
chr22;31680526;2;Resting
chr1;90110846;1;Resting
chr4;151769082;1;Resting
chr19;2092994;2;Resting
chr19;10721710;1;Resting
chr11;65853186;1;Resting
chr1;198844233;1;Resting
chr21;45496520;2;Resting
chr2;203635952;1;Resting
chr12;58097321;2;Resting
chr1;100886750;2;Resting
chr1;46185714;1;Resting
chr16;85137135;2;Resting
chr14;102279068;2;Resting
chr17;65838877;2;Resting
chrX;153324240;2;Resting
chr17;78735614;4;Resting
chr12;39884748;1;Resting
chr2;230750082;1;Resting
chr22;31680473;1;Resting
chr12;94097576;3;Resting
chr17;20152457;1;Resting
chr7;36855273;1;Resting
chr4;109723789;1;Resting
chrX;78437457;1;Resting
chr21;45443432;1;Resting
chr13;41525346;1;Resting
chr11;46105546;1;Resting
chr16;3128058;2;Resting
chr15;58931429;1;Resting
chr22;42987562;2;Resting
chr3;71490283;1;Resting
chr3;150133310;1;Resting
chrX;13117506;1;Resting
chr18;18590698;1;Resting
chr12;132533781;1;Resting
chr14;92283445;1;Resting
chr16;19524056;1;Resting
chr16;644141;1;Resting
chr11;118313250;1;Resting
chr1;46185715;1;Resting
chr21;47919134;1;Resting
chr3;101234997;1;Resting
chr3;195060435;1;Resting
chrX;117668254;1;Resting
chr14;102291763;2;Resting
chr11;73929879;1;Resting
chr5;133413781;2;Resting
chr2;178994536;1;Resting
chr9;28935351;2;Resting
chr1;89751431;1;Resting
chr10;73864345;1;Resting
chr22;17550171;2;Resting
chr20;1597132;1;Resting
chr6;112078891;1;Resting
chr1;243967149;1;Resting
chr12;9817814;1;Resting
chr16;21623812;2;Resting
chr10;119794751;1;Resting
chr22;40734446;1;Resting
chr14;98474175;1;Resting
chr7;24664542;1;Resting
chr15;86192839;1;Resting
chr14;98672154;1;Resting
chr2;197986066;1;Resting
chr17;42567707;1;Resting
chr9;123918013;1;Resting
chr3;30655107;1;Resting
chr9;102720604;1;Resting
chr2;182267629;1;Resting
chr4;2857083;1;Resting
chr9;129201838;1;Resting
chr9;102808845;1;Resting
chr19;14644419;2;Resting
chr2;99111253;1;Resting
chr17;62490156;1;Resting
chr11;35142688;1;Resting
chr7;102058837;1;Resting
chr19;34680176;3;Resting
chr19;14146768;1;Resting
chr11;64639955;1;Resting
chr2;102426431;1;Resting
chr6;38835933;1;Resting
chr18;74838962;1;Resting
chr14;85925785;2;Resting
chrX;43174527;1;Resting
chr2;182019541;3;Resting
chr13;40775098;1;Resting
chr12;92550366;1;Resting
chr19;58029515;1;Resting
chr22;20829314;1;Resting
chr6;154497949;2;Resting
chr3;18416054;1;Resting
chr16;15099243;1;Resting
chr14;69609275;1;Resting
chr20;61842397;1;Resting
chr2;101951806;1;Resting
chr3;25655290;2;Resting
chr9;88444316;1;Resting
chr10;6136671;1;Resting
chr14;78180965;1;Resting
chr11;47755649;1;Resting
chr6;154508944;1;Resting
chr21;19171698;1;Resting
chr1;35809676;1;Resting
chr1;115311649;1;Resting
chr2;95781376;1;Resting
chr17;18797026;1;Resting
chr21;38809676;1;Resting
chr5;172518986;1;Resting
chrX;122464168;1;Resting
chr3;52731915;1;Resting
chr6;26984305;1;Resting
chr1;243991768;2;Resting
chr2;203934018;1;Resting
chr2;173470519;1;Resting
chr4;56277808;1;Resting
chr4;56768367;1;Resting
chr5;100204855;1;Resting
chr13;63601604;1;Resting
chr17;19690747;1;Resting
chr11;117826975;2;Resting
chr9;95760613;1;Resting
chr6;143087676;1;Resting
chr9;33855214;1;Resting
chr17;46408542;1;Resting
chr11;128289036;1;Resting
chr8;8210155;1;Resting
chr22;23168455;1;Resting
chr5;42807425;1;Resting
chr12;92061591;1;Resting
chr21;40627797;1;Resting
chr20;32095042;1;Resting
chr10;76298957;1;Resting
chr2;99270598;1;Resting
chr16;30488504;1;Resting
chr17;7783534;1;Resting
chr1;155811849;1;Resting
chr6;157144515;1;Resting
chrX;21865353;1;Resting
chr9;96226332;1;Resting
chr11;128371602;1;Resting
chr12;882511;1;Resting
chr6;43320876;1;Resting
chr19;43973465;1;Resting
chr9;86247822;1;Resting
chr16;3921697;1;Resting
chr17;74204535;1;Resting
chr19;18177233;1;Resting
chr17;38016939;2;Resting
chr17;8840606;1;Resting
chr21;40185572;1;Resting
chr8;29956228;1;Resting
chr3;188058023;1;Resting
chr14;103883639;1;Resting
chr12;55369290;1;Resting
chr19;18971655;1;Resting
chr14;100735742;1;Resting
chr15;57224475;1;Resting
chr3;101046726;1;Resting
chr11;82884995;1;Resting
chr16;88656708;1;Resting
chr13;41905887;1;Resting
chr22;37692879;1;Resting
chr16;28178003;1;Resting
chr2;84966406;1;Resting
chr3;196454422;1;Resting
chr1;222743447;1;Resting
chr14;22403592;2;Resting
chr22;31624856;1;Resting
chr16;30504919;1;Resting
chr2;61006285;1;Resting
chr18;77260739;1;Resting
chr9;135193031;1;Resting
chr17;74205188;1;Resting
chr1;25791773;1;Resting
chr1;198241390;1;Resting
chr12;54023495;1;Resting
chr2;35622064;1;Resting
chr12;122794364;1;Resting
chrX;135768512;1;Resting
chr2;182028588;1;Resting
chr17;76750996;1;Resting
chr16;68255420;1;Resting
chr20;32160893;1;Resting
chr16;4900706;1;Resting
chr12;68903247;1;Resting
chr3;169812624;1;Resting
chr14;58677046;1;Resting
chrX;131173045;1;Resting
chr1;54393241;1;Resting
chr14;97330258;1;Resting
chr6;160161048;1;Resting
chr5;66362904;3;Resting
chr15;62284607;1;Resting
chr1;233861338;1;Resting
chr12;110435514;1;Resting
chr12;122216615;1;Resting
chr2;8040940;1;Resting
chr16;71935023;1;Resting
chr7;150395873;1;Resting
chr15;75161416;1;Resting
chr11;63007151;1;Resting
chr14;102283050;1;Resting
chr19;42372660;2;Resting
chr4;36086970;1;Resting
chr2;114676115;1;Resting
chr2;171970124;1;Resting
chr20;1606367;2;Resting
chr19;1057917;1;Resting
chr4;110484192;1;Resting
chr1;180810293;1;Resting
chr11;64963813;1;Resting
chr11;65106882;1;Resting
chr7;3078035;1;Resting
chr12;65037972;1;Resting
chr17;76729646;1;Resting
chr22;40875110;1;Resting
chr20;62352111;1;Resting
chr8;29916874;1;Resting
chr11;65887309;1;Resting
chr6;168289433;1;Resting
chrX;135080441;2;Resting
chr5;75922928;1;Resting
chr7;110332734;1;Resting
chrX;107748484;1;Resting
chr7;150317271;1;Resting
chr15;93435882;1;Resting
chr11;6761588;1;Resting
chr3;18653967;1;Resting
chr3;18415186;4;Resting
chr19;51615621;1;Resting
chr1;28351560;2;Resting
chr1;153869164;1;Resting
chr22;31680532;1;Resting
chr2;128519166;1;Resting
chr10;7805827;1;Resting
chr5;79527386;1;Resting
chr2;203560970;1;Resting
chr20;35554670;1;Resting
chr1;167393436;1;Resting
chr2;101907639;1;Resting
chr16;14660408;1;Resting
chr16;23734132;1;Resting
chr5;171507403;1;Resting
chr22;42273330;1;Resting
chr17;27580896;1;Resting
chr19;19984146;1;Resting
chr11;88494349;1;Resting
chr10;76680788;1;Resting
chr9;95696522;1;Resting
chr5;130640585;1;Resting
chr16;2810292;1;Resting
chr18;72661358;1;Resting
chr6;90948616;1;Resting
chr1;150390761;1;Resting
chr12;123652407;1;Resting
chr17;64302101;1;Resting
chr22;40683528;1;Resting
chr1;16633917;1;Resting
chr10;111869544;1;Resting
chr2;70439783;1;Resting
chr5;179002541;1;Resting
chr19;18663075;1;Resting
chr19;56650666;1;Resting
chr8;21831744;1;Resting
chr14;31374595;1;Resting
chr17;75393832;1;Resting
chr16;3804825;1;Resting
chr19;58316555;1;Resting
chr17;78571806;1;Resting
chr6;147530678;1;Resting
chr16;4546615;1;Resting
chr8;29979901;1;Resting
chr13;41006184;1;Resting
chr11;118753177;1;Resting
chr5;172550687;1;Resting
chr2;99313039;1;Resting
